{"_timestamp":1.7315241921944628e+09,"_runtime":3.306467055,"_step":1,"charts/episodic_return":-548.784,"global_step":1000,"charts/episodic_length":1000,"_wandb":{"runtime":3}}